epoch,age_acc,age_loss,gender_acc,gender_loss,loss,val_age_acc,val_age_loss,val_gender_acc,val_gender_loss,val_loss
0,0.093333333333333338,22.28080574353536,0.62666666666666671,1.332036523024241,23.612842171986898,0.29999999999999999,2.4559612631797791,0.5,0.71521370410919194,3.1711749315261839
1,0.10666666666666667,17.920326223373412,0.51333333333333331,1.4189613521099091,19.339287668863932,0.10000000000000001,2.4558961987495422,0.69999999999999996,0.65365681052207947,3.109553027153015
2,0.11333333333333333,22.40161644935608,0.48666666666666669,1.4079057081540425,23.809522209167479,0.0,2.4042650580406191,0.40000000000000002,0.69991479516029353,3.104179859161377
3,0.093333333333333338,21.920632842381796,0.54666666666666663,1.3845964201291403,23.305229139328002,0.0,2.292638671398163,0.69999999999999996,0.67578635215759275,2.9684250116348267
4,0.12,17.792695881525674,0.5,1.393625545501709,19.186321601867675,0.20000000000000001,2.0812020659446717,0.69999999999999996,0.69304962158203121,2.7742516994476318
5,0.093333333333333338,40.579622430801393,0.45333333333333331,1.3894269418716432,41.969047918319703,0.10000000000000001,2.1096863985061645,0.59999999999999998,0.69045909047126774,2.80014545917511
6,0.11333333333333333,45.898246167500815,0.41999999999999998,1.3922225459416708,47.290468037923176,0.0,1.9745514154434205,0.5,0.6932049632072449,2.6677564144134522
7,0.19333333333333333,17.253231554031373,0.46666666666666667,1.3893202296892802,18.642551692326865,0.29999999999999999,2.0336719036102293,0.29999999999999999,0.69731037020683284,2.7309822797775269
8,0.17999999999999999,34.255378125508628,0.44,1.3929609664281208,35.648338689804078,0.10000000000000001,1.9667294144630432,0.80000000000000004,0.67750273942947392,2.6442321300506593
9,0.16,26.467834078470865,0.51333333333333331,1.3826147921880085,27.850448700586956,0.10000000000000001,1.9285065293312074,0.59999999999999998,0.68643303513526921,2.6149396181106566
10,0.17333333333333334,13.643263432184854,0.56666666666666665,1.3780550622940064,15.021318330764771,0.0,1.8617523670196534,0.5,0.69544541835784912,2.5571977615356447
11,0.37333333333333335,32.128649113972983,0.49333333333333335,1.3971897443135579,33.525839080810549,0.5,1.8757105827331544,0.69999999999999996,0.68472031950950618,2.5604309082031249
12,0.38666666666666666,21.706464560826621,0.45333333333333331,1.3941451565424601,23.100609712600708,0.0,1.8929437398910522,0.40000000000000002,0.69904239177703853,2.5919861078262327
13,0.34666666666666668,24.890696891148885,0.53333333333333333,1.3878450051943461,26.278542133967083,0.29999999999999999,1.9374211072921752,0.59999999999999998,0.68210784792900081,2.6195289850234986
14,0.46000000000000002,29.370500755310058,0.47333333333333333,1.3927126908302307,30.763213570912679,0.5,1.8889487981796265,0.5,0.69335825443267818,2.5823070049285888
15,0.49333333333333335,17.845905685424803,0.49333333333333335,1.3880712127685546,19.233977053960164,0.5,1.908473014831543,0.59999999999999998,0.68987080454826355,2.5983438253402711
16,0.44666666666666666,19.905837130546569,0.5,1.3904436151186625,21.296280825932822,0.40000000000000002,1.8099529147148132,0.29999999999999999,0.72181580662727352,2.5317687273025511
17,0.5,23.913817176818849,0.45333333333333331,1.3929046750068665,25.306721798578899,0.80000000000000004,1.737026572227478,0.69999999999999996,0.68994389176368709,2.426970434188843
18,0.41999999999999998,99.02444763183594,0.52000000000000002,1.3905507405598958,100.41499666849772,0.5,1.8973250389099121,0.5,0.69398128390312197,2.5913062810897829
19,0.36666666666666664,30.549723647435506,0.56666666666666665,1.3796888311704001,31.929412822723389,0.40000000000000002,1.8106678009033204,0.5,0.69802200794219971,2.508689785003662
20,0.41333333333333333,24.641987581253051,0.41333333333333333,1.3978601861000062,26.039847606023152,0.59999999999999998,1.8255707263946532,0.80000000000000004,0.68965390920639036,2.5152246475219728
21,0.41999999999999998,15.009313335418701,0.47333333333333333,1.3894493707021078,16.398762667973838,0.59999999999999998,1.8051081418991088,0.40000000000000002,0.6963935017585754,2.5015016794204712
22,0.36666666666666664,22.231392911275229,0.57333333333333336,1.3702860848108926,23.601679096221925,0.59999999999999998,2.0139470458030702,0.29999999999999999,0.72652046680450444,2.7404675245285035
23,0.17999999999999999,11.818690891265868,0.54666666666666663,1.3845869731903075,13.203277899424235,0.29999999999999999,1.8717453718185424,0.5,0.69529591202735896,2.567041277885437
24,0.39333333333333331,22.309239668846132,0.50666666666666671,1.3952789481480916,23.704518286387124,0.40000000000000002,1.757913088798523,0.59999999999999998,0.68935359120368955,2.447266626358032
25,0.36666666666666664,14.319163722991943,0.54666666666666663,1.3833766897519431,15.702540451685588,0.10000000000000001,1.8911946654319762,0.40000000000000002,0.70359945297241211,2.5947941303253175
26,0.32000000000000001,35.517193592389425,0.50666666666666671,1.3972878917058309,36.914480864206951,0.5,1.7883824110031128,0.40000000000000002,0.70046736598014836,2.4888498067855833
27,0.35333333333333333,15.483706820805867,0.49333333333333335,1.3903076847394307,16.874014571507772,0.10000000000000001,2.1334775328636169,0.5,0.69385364651679993,2.8273311853408813
28,0.35999999999999999,16.689704140027363,0.47333333333333333,1.3914561621348063,18.081160360972088,0.29999999999999999,1.9349555850028992,0.59999999999999998,0.68932322263717649,2.6242788553237917
29,0.39333333333333331,31.586581201553344,0.44666666666666666,1.3906435259183247,32.97722501118978,0.40000000000000002,1.8403796553611755,0.29999999999999999,0.70265855789184573,2.5430382251739503
30,0.45333333333333331,40.779451457659405,0.45333333333333331,1.3883945107460023,42.16784612973531,0.40000000000000002,1.8350285887718201,0.69999999999999996,0.68679079413414001,2.5218194007873533
31,0.47999999999999998,12.391274034182231,0.49333333333333335,1.3911135172843934,13.782387514114379,0.40000000000000002,1.8941855907440186,0.29999999999999999,0.69432224035263057,2.5885077953338622
32,0.25333333333333335,19.69981977144877,0.44,1.3895952407519023,21.089415060679119,0.29999999999999999,1.9087741494178772,0.69999999999999996,0.68885204792022703,2.5976262092590332
33,0.23333333333333334,16.955867830912272,0.46666666666666667,1.3891791979471841,18.345047006607057,0.5,1.8388836622238158,0.59999999999999998,0.68820831179618835,2.5270919561386109
34,0.44,22.379682830174765,0.46000000000000002,1.3947345113754273,23.774417063395184,0.29999999999999999,1.8236315488815307,0.20000000000000001,0.71480971574783325,2.5384412765502931
35,0.44666666666666666,11.911696745554606,0.49333333333333335,1.376306574344635,13.288003276189169,0.5,1.830038034915924,0.5,0.69555688500404356,2.5255949258804322
36,0.28000000000000003,35.465487416585283,0.54000000000000004,1.3867725690205892,36.852260328928629,0.59999999999999998,1.7708260774612428,0.69999999999999996,0.6688286185264587,2.4396546840667725
37,0.37333333333333335,72.069834578831987,0.44666666666666666,1.4010995380083719,73.470934000015262,0.0,1.844629454612732,0.5,0.69314683079719541,2.5377762556076049
38,0.32666666666666666,60.855969495773316,0.50666666666666671,1.3895176641146343,62.245487925211592,0.29999999999999999,1.7949694633483886,0.5,0.69315394759178162,2.4881234169006348
39,0.28000000000000003,16.769986244837444,0.46000000000000002,1.385309918721517,18.155296297073363,0.10000000000000001,1.8533978939056397,0.59999999999999998,0.68580897450447087,2.539206862449646
40,0.35999999999999999,17.504853343963624,0.48666666666666669,1.3972733116149902,18.902126715977985,0.5,1.8121401906013488,0.5,0.69339839220046995,2.5055385828018188
41,0.13333333333333333,37.954975221951806,0.46666666666666667,1.38874578555425,39.343720928827921,0.0,1.7512900352478027,0.40000000000000002,0.69409904479980467,2.4453890562057494
42,0.17333333333333334,25.911622362136839,0.46666666666666667,1.389422382513682,27.30104463895162,0.10000000000000001,1.814626431465149,0.29999999999999999,0.69819245338439939,2.5128189086914063
43,0.12,22.473439194361369,0.44,1.393005400498708,23.86644461631775,0.10000000000000001,1.8299932479858398,0.59999999999999998,0.69089275002479555,2.520886015892029
44,0.37333333333333335,41.744019161860145,0.51333333333333331,1.3905161698659261,43.134535334904989,0.59999999999999998,1.9401797652244568,0.29999999999999999,0.71261595487594609,2.6527957201004027
45,0.43333333333333335,15.839026781717935,0.39333333333333331,1.3915892815589905,17.230616146723431,0.59999999999999998,1.7777121186256408,0.40000000000000002,0.69728970527648926,2.4750018119812012
46,0.38,12.948099939028422,0.47333333333333333,1.3897108173370361,14.337810738881428,0.59999999999999998,1.7292840600013732,0.40000000000000002,0.69430589079856875,2.4235899448394775
47,0.46000000000000002,23.905056722958882,0.54000000000000004,1.3860614395141602,25.29111857096354,0.40000000000000002,1.7267423629760743,0.5,0.69359776973724363,2.420340132713318
48,0.26666666666666666,21.154481390317279,0.46666666666666667,1.3936278295516968,22.548109261194863,0.20000000000000001,1.8960246562957763,0.59999999999999998,0.69225703477859502,2.5882816791534422
49,0.38,84.755356168746943,0.62666666666666671,1.3588471229871113,86.114203122456871,0.29999999999999999,1.8981733083724976,0.59999999999999998,0.67828849554061887,2.5764618158340453
50,0.43333333333333335,42.985811856587731,0.46000000000000002,1.4086144161224365,44.394426679611207,0.40000000000000002,1.7985835552215577,0.40000000000000002,0.6935148417949677,2.4920983791351317
51,0.21333333333333335,25.526055340766906,0.44,1.3911543631553649,26.917209742863974,0.20000000000000001,1.8049330830574035,0.29999999999999999,0.69471287131309511,2.4996459484100342
52,0.22666666666666666,15.053438897132873,0.56666666666666665,1.3833523352940877,16.436791175206501,0.10000000000000001,1.7991951107978821,0.5,0.6977112472057343,2.4969063758850099
53,0.21333333333333335,25.389055999120078,0.48666666666666669,1.3948838543891906,26.783939504623412,0.29999999999999999,1.8022357463836669,0.40000000000000002,0.70479281544685368,2.5070286035537719
54,0.16666666666666666,18.955200494130452,0.44,1.3916130439440408,20.34681366920471,0.29999999999999999,2.1149558305740355,0.59999999999999998,0.69105875492095947,2.8060146093368532
55,0.18666666666666668,34.089783074061074,0.44666666666666666,1.3889102935791016,35.478693281809491,0.0,1.7837841749191283,0.5,0.69317627549171446,2.4769604206085205
56,0.30666666666666664,11.126910800933837,0.5,1.3929156033198038,12.519826377232869,0.40000000000000002,1.7323127031326293,0.5,0.69345003366470337,2.425762724876404
57,0.43333333333333335,21.672473448117575,0.52666666666666662,1.3825314291318258,23.055004994074505,0.20000000000000001,1.7889113187789918,0.40000000000000002,0.70326606035232542,2.492177391052246
58,0.41999999999999998,68.335199556350702,0.5,1.3947497471173604,69.729947992960618,0.5,1.9893119573593139,0.5,0.69317015409469607,2.682482123374939
59,0.44666666666666666,15.721190857887269,0.46666666666666667,1.389046630859375,17.110237445831299,0.40000000000000002,1.8030377507209778,0.69999999999999996,0.68888145089149477,2.4919192075729368
60,0.41333333333333333,34.937861029307051,0.47999999999999998,1.3901315132776897,36.327992115020749,0.5,1.8032159566879273,0.69999999999999996,0.69010745286941533,2.4933234214782716
61,0.54666666666666663,13.920574189821879,0.52000000000000002,1.3884786415100097,15.309052925109864,0.29999999999999999,1.8422286748886108,0.40000000000000002,0.70988118052482607,2.5521098852157591
62,0.42666666666666669,13.880544230143229,0.52666666666666662,1.3871738529205322,15.267718019485473,0.20000000000000001,1.8498793959617614,0.59999999999999998,0.67982126474380489,2.5297006368637085
63,0.41999999999999998,22.06865750471751,0.51333333333333331,1.3896449089050293,23.45830223083496,0.59999999999999998,1.8221329808235169,0.5,0.69551826715469356,2.5176512718200685
64,0.44666666666666666,18.360962839126586,0.47333333333333333,1.3936816716194154,19.754644292195639,0.40000000000000002,1.8003772377967835,0.40000000000000002,0.70093393325805664,2.5013111591339112
65,0.42666666666666669,30.032045003573099,0.57333333333333336,1.3783917506535848,31.410436687469481,0.59999999999999998,1.7352983832359314,0.5,0.69868294000625608,2.4339813470840452
66,0.5,12.073056646982829,0.42666666666666669,1.3995751023292542,13.472631731033324,0.29999999999999999,1.8324055075645447,0.40000000000000002,0.6952217757701874,2.5276273250579835
67,0.20000000000000001,31.202715724309286,0.53333333333333333,1.3841363541285197,32.586852750778199,0.20000000000000001,1.7514966130256653,0.10000000000000001,0.71890470981597898,2.4704013109207152
68,0.10666666666666667,14.68720600605011,0.62,1.355051900545756,16.042257928848265,0.40000000000000002,1.765789771080017,0.40000000000000002,0.72350979447364805,2.4892996072769167
69,0.35999999999999999,18.391769668261212,0.53333333333333333,1.3930140964190165,19.78478362083435,0.69999999999999996,1.7685250282287597,0.40000000000000002,0.71212562322616579,2.4806506395339967
70,0.41999999999999998,37.341432968775429,0.47333333333333333,1.4037752930323284,38.745208250681557,0.40000000000000002,1.8843138456344604,0.5,0.69314705133438115,2.5774609327316282
71,0.47333333333333333,34.801034523646038,0.53333333333333333,1.3881872701644897,36.189222424825033,0.5,1.868317151069641,0.40000000000000002,0.69389739632606506,2.5622145891189576
72,0.45333333333333331,127.20634772618611,0.48666666666666669,1.3917826215426128,128.59812802632649,0.69999999999999996,1.7261712193489074,0.59999999999999998,0.68777201771736141,2.4139432191848753
73,0.38666666666666666,19.486180577278137,0.5,1.3848700539271037,20.871050729751587,0.69999999999999996,1.9797151803970336,0.5,0.69370198249816895,2.6734171390533445
74,0.44666666666666666,20.101211433410644,0.49333333333333335,1.3925822432835897,21.49379366874695,0.20000000000000001,1.8977880001068115,0.80000000000000004,0.68956615328788762,2.5873541831970215
75,0.44,29.817392524083456,0.5,1.3889673082033793,31.206359923680623,0.80000000000000004,1.7391372919082642,0.59999999999999998,0.6893252849578857,2.4284625768661501
76,0.39333333333333331,53.299502417246501,0.52666666666666662,1.3893314504623413,54.688834495544434,0.29999999999999999,1.7750203967094422,0.59999999999999998,0.68874078989028931,2.4637612104415894
77,0.41333333333333333,29.935499590237935,0.44666666666666666,1.3927714006106058,31.328270705540977,0.5,1.754188632965088,0.5,0.69315932989120488,2.4473479747772218
78,0.19333333333333333,87.836594959894811,0.45333333333333331,1.392065319220225,89.228660516738898,0.40000000000000002,1.8987685203552247,0.59999999999999998,0.68800278902053835,2.5867713212966921
79,0.20000000000000001,12.466112346649171,0.46000000000000002,1.3877456577618916,13.853858048121134,0.29999999999999999,1.7338029384613036,0.80000000000000004,0.68447561264038081,2.4182785272598268
80,0.23333333333333334,15.343407208124797,0.55333333333333334,1.3835665067036946,16.726973683039347,0.10000000000000001,2.1307268023490904,0.5,0.694194620847702,2.8249214410781862
81,0.16666666666666666,39.815385044415791,0.46000000000000002,1.3950543093681336,41.21043901761373,0.10000000000000001,1.8046957373619079,0.40000000000000002,0.69350033402442934,2.4981960535049437
82,0.24666666666666667,76.029522984822592,0.44666666666666666,1.3908927408854166,77.420415703455603,0.0,1.8779537916183471,0.40000000000000002,0.69448772072792053,2.5724415540695191
83,0.20666666666666667,17.598365446726483,0.54000000000000004,1.3839746562639872,18.982340154647826,0.29999999999999999,1.8107734441757202,0.59999999999999998,0.68686805367469783,2.4976414680480956
84,0.21333333333333335,27.073963176409404,0.45333333333333331,1.387698233127594,28.461661246617634,0.29999999999999999,1.9020317077636719,0.69999999999999996,0.67535500526428227,2.5773866891860964
85,0.47999999999999998,14.100613854726156,0.54666666666666663,1.3810129443804422,15.481626672744751,0.40000000000000002,1.8759523630142212,0.20000000000000001,0.73744773864746094,2.61340012550354
86,0.43333333333333335,29.330456868807474,0.47333333333333333,1.4038073865572611,30.73426485379537,0.29999999999999999,1.82627614736557,0.40000000000000002,0.69659714102745052,2.5228732824325562
87,0.42666666666666669,18.797100343704223,0.50666666666666671,1.3904939119021098,20.187594216664632,0.40000000000000002,1.7950512647628785,0.80000000000000004,0.66890901923179624,2.4639602899551392
88,0.41999999999999998,60.824572582244876,0.44,1.3870272080103556,62.211599683761598,0.80000000000000004,1.8301511287689209,0.29999999999999999,0.70286052823066714,2.5330116748809814
89,0.32000000000000001,19.874052346547444,0.47999999999999998,1.3939409391085307,21.267993437449139,0.20000000000000001,1.8843726158142089,0.40000000000000002,0.69953007698059078,2.5839026927947999
90,0.41999999999999998,13.963681138356527,0.48666666666666669,1.3910141348838807,15.354695281982423,0.80000000000000004,1.7996617436408997,0.5,0.6932273805141449,2.4928891420364381
91,0.25333333333333335,13.892235409418742,0.47999999999999998,1.3881868060429892,15.280422134399414,0.29999999999999999,1.7415602803230286,0.5,0.69333400726318362,2.4348942995071412
92,0.36666666666666664,12.757077512741089,0.5,1.3894127917289734,14.146490290959676,0.5,1.7203736305236816,0.5,0.69331709146499632,2.413690757751465
93,0.23999999999999999,27.866840321222941,0.48666666666666669,1.3907144562403362,29.257554782231647,0.0,1.8517621159553528,0.40000000000000002,0.69364511370658877,2.5454072475433351
94,0.28000000000000003,11.305501313209534,0.52000000000000002,1.3842658138275146,12.689767169952393,0.29999999999999999,1.7260046601295471,0.29999999999999999,0.70976680517196655,2.4357714653015137
95,0.46000000000000002,36.39848482290904,0.45333333333333331,1.3954462496439617,37.79393144607544,0.5,1.7130918622016906,0.29999999999999999,0.69638536572456355,2.4094772577285766
96,0.46666666666666667,17.730443603197735,0.54000000000000004,1.3857622742652893,19.11620569229126,0.29999999999999999,1.7221028447151183,0.69999999999999996,0.68293065428733823,2.4050335168838499
97,0.38,81.760033154487616,0.51333333333333331,1.3946329124768575,83.154667619069414,0.59999999999999998,1.7177674770355225,0.59999999999999998,0.68649224638938899,2.404259705543518
98,0.42666666666666669,14.223798626263937,0.39333333333333331,1.3901220266024272,15.613920593261719,0.0,1.841922676563263,0.29999999999999999,0.69364374876022339,2.5355663776397703
99,0.46666666666666667,31.43236205259959,0.46666666666666667,1.3912195388476054,32.823582544326783,0.40000000000000002,1.7584409117698669,0.5,0.69325785040855403,2.4516987562179566
100,0.40000000000000002,97.285662415822344,0.39333333333333331,1.3905251089731852,98.676188688278202,0.40000000000000002,1.8868691086769105,0.20000000000000001,0.70158321261405943,2.5884522914886476
101,0.40000000000000002,40.112107486724852,0.43333333333333335,1.3897993501027426,41.501906770070391,0.20000000000000001,1.887447714805603,0.59999999999999998,0.69303920865058899,2.5804869174957275
102,0.41333333333333333,31.955711925824485,0.41333333333333333,1.3907991949717204,33.346511545181272,0.40000000000000002,1.807895803451538,0.80000000000000004,0.69105235338211057,2.4989481687545778
103,0.41999999999999998,14.499698958396912,0.5,1.3875998934110005,15.887298838297527,0.5,1.7567076206207275,0.29999999999999999,0.69977674484252927,2.4564843654632567
104,0.38,20.454790798823037,0.46000000000000002,1.3936257855097454,21.848416528701783,0.10000000000000001,1.8062539100646973,0.20000000000000001,0.70194283723831175,2.50819673538208
105,0.22,37.087533117930093,0.47999999999999998,1.3910088483492533,38.47854230880737,0.5,1.7816633582115173,0.80000000000000004,0.68621823787689207,2.4678815364837647
106,0.40666666666666668,20.034111878077191,0.46000000000000002,1.3896109334627786,21.423722845713296,0.5,1.8705562233924866,0.40000000000000002,0.69336999654769893,2.5639262199401855
107,0.28000000000000003,82.281319444974258,0.44666666666666666,1.388500694433848,83.669820028940833,0.59999999999999998,1.7372435331344604,0.5,0.6932737469673157,2.4305172920227052
108,0.20000000000000001,20.651122190157572,0.47999999999999998,1.3908647735913595,22.041986932754515,0.5,1.8515544414520264,0.5,0.69531594514846806,2.5468703985214232
109,0.41333333333333333,14.372746326128642,0.48666666666666669,1.3928123315175374,15.765558617909749,0.40000000000000002,1.7999260187149049,0.5,0.69417756795883179,2.4941035985946653
110,0.26666666666666666,15.184522026379904,0.50666666666666671,1.3709867787361145,16.555508845647175,0.29999999999999999,1.762458074092865,0.40000000000000002,0.71435396075248714,2.4768120527267454
111,0.30666666666666664,19.772113396326702,0.50666666666666671,1.3979771121342977,21.170090525945028,0.59999999999999998,1.7592192769050599,0.5,0.69415042996406551,2.4533697366714478
112,0.39333333333333331,49.41994268576304,0.47333333333333333,1.3947314977645875,50.814674539566042,0.59999999999999998,1.7537129044532775,0.69999999999999996,0.68745671510696416,2.4411696195602417
113,0.29333333333333333,11.214422367413839,0.53333333333333333,1.3851961207389831,12.599618453979492,0.5,1.7242929816246033,0.59999999999999998,0.68551949262619016,2.4098124980926512
114,0.44666666666666666,41.021903424263002,0.47333333333333333,1.3958827940622967,42.417787027359012,0.5,1.7285374402999878,0.20000000000000001,0.6984870433807373,2.4270244598388673
115,0.43333333333333335,38.135521450042724,0.41999999999999998,1.3922998547554015,39.527820959091187,0.40000000000000002,1.7653760075569154,0.5,0.69332711100578304,2.4587031364440919
116,0.52666666666666662,14.934276107152304,0.47999999999999998,1.3888785115877786,16.323154554367065,0.5,1.7547927856445313,0.5,0.6949458539485931,2.4497386455535888
117,0.36666666666666664,19.082466882069905,0.46666666666666667,1.3897373930613199,20.472204106648764,0.29999999999999999,1.7631470799446105,0.69999999999999996,0.68611196279525755,2.4492590427398682
118,0.39333333333333331,39.772537461916606,0.43333333333333335,1.3930002967516582,41.165538419087731,0.20000000000000001,1.8027407407760621,0.59999999999999998,0.68895430564880367,2.4916950464248657
119,0.50666666666666671,34.662103578249614,0.47333333333333333,1.3905088496208191,36.05261233965556,0.29999999999999999,1.858225131034851,0.29999999999999999,0.71033223867416384,2.568557357788086
120,0.35333333333333333,19.71020744641622,0.46666666666666667,1.3912347984313964,21.101442289352416,0.40000000000000002,1.8699949264526368,0.29999999999999999,0.70067740678787227,2.5706723451614382
121,0.17999999999999999,82.695313165982569,0.46666666666666667,1.3856199216842651,84.08093007723491,0.40000000000000002,1.8276203632354737,0.69999999999999996,0.68138619065284733,2.5090065240859984
122,0.20000000000000001,20.00866069316864,0.38644999980926514,1.3948143005371094,21.403474960327149,0.5,1.8688335895538331,0.69999999999999996,0.69127591848373415,2.5601094961166382
123,0.42666666666666669,21.032004392941793,0.54000000000000004,1.3798998785018921,22.411904293696086,0.59999999999999998,1.8435353279113769,0.5,0.69463752508163457,2.5381728649139403
124,0.38666666666666666,15.293185917536418,0.54666666666666663,1.3842621898651124,16.677448164621989,0.59999999999999998,1.7309490799903871,0.59999999999999998,0.68290388584136963,2.4138529777526854
125,0.29999999999999999,15.625556106567382,0.52666666666666662,1.3901051966349285,17.015661284128825,0.40000000000000002,2.277979815006256,0.5,0.69440103769302364,2.9723808288574221
126,0.5,18.633636581103008,0.42666666666666669,1.3963636287053427,20.030000267028807,0.29999999999999999,1.768543040752411,0.59999999999999998,0.69074200391769414,2.4592850208282471
127,0.31333333333333335,34.253337701161705,0.52000000000000002,1.3808816035588583,35.634219220479331,0.10000000000000001,1.9263081669807434,0.5,0.69490606784820552,2.621214246749878
128,0.29999999999999999,12.189125455220541,0.52666666666666662,1.3902101214726765,13.579335556030273,0.40000000000000002,1.7313749074935914,0.29999999999999999,0.70837666988372805,2.4397515535354612
129,0.45333333333333331,86.485729398727415,0.54000000000000004,1.385991096496582,87.871722256342565,0.5,2.037120294570923,0.59999999999999998,0.68497799038887019,2.7220982789993284
130,0.44,32.337013497352601,0.56666666666666665,1.3766934521993002,33.713707157770791,0.10000000000000001,1.7839171767234803,0.5,0.69617388844490047,2.4800910472869875
131,0.40666666666666668,21.926702672640484,0.50666666666666671,1.3972048115730287,23.323907556533815,0.5,1.7527167320251464,0.69999999999999996,0.67868056297302248,2.4313973188400269
132,0.40666666666666668,58.453698741594948,0.46666666666666667,1.393449539343516,59.847147563298542,0.5,1.7866454243659973,0.40000000000000002,0.69353382587432866,2.4801792383193968
133,0.47333333333333333,49.170110441843669,0.52691666667660075,1.3906217885017396,50.560732800165809,0.5,1.7924460172653198,0.59999999999999998,0.68580138683319092,2.4782474040985107
134,0.40000000000000002,20.804570932388305,0.46666666666666667,1.3903449527422587,22.194915914535521,0.0,1.8033477067947388,0.59999999999999998,0.6922686040401459,2.4956162929534913
135,0.17999999999999999,31.257765156428018,0.49333333333333335,1.3901844477653504,32.647950153350827,0.20000000000000001,1.7958757400512695,0.20000000000000001,0.70226660370826721,2.4981423377990724
136,0.21333333333333335,85.763048941294358,0.51333333333333331,1.3902078795433044,87.153259328206374,0.29999999999999999,1.7866927504539489,0.69999999999999996,0.67742736935615544,2.4641201257705689
137,0.16,16.009303900400798,0.56666666666666665,1.3796952176094055,17.388999255498252,0.10000000000000001,1.7823168992996217,0.69999999999999996,0.6607358872890472,2.4430527687072754
138,0.35999999999999999,23.441427381833396,0.46000000000000002,1.3974409818649292,24.838868366877239,0.5,1.8085326313972474,0.10000000000000001,0.72603911757469175,2.5345717668533325
139,0.42666666666666669,19.393458050092061,0.5,1.3840337626139323,20.777491709391278,0.40000000000000002,1.8519954323768615,0.40000000000000002,0.70073497891426084,2.552730417251587
140,0.26666666666666666,109.4180420811971,0.49333333333333335,1.3887366724014283,110.80678111394246,0.0,1.8575055837631225,0.5,0.69376730322837832,2.5512729167938231
141,0.24666666666666667,33.104901123046872,0.52000000000000002,1.3905842924118041,34.495485121409097,0.40000000000000002,1.8267413377761841,0.59999999999999998,0.68975400328636172,2.5164953470230103
142,0.32666666666666666,90.475000600814823,0.52000000000000002,1.3887336643536885,91.863732344309483,0.20000000000000001,2.0128521800041197,0.69999999999999996,0.6886001765727997,2.701452374458313
143,0.23900000015894571,15.419418638547262,0.5,1.3879118005434672,16.807330458958944,0.29999999999999999,1.7920381903648377,0.5,0.69359315037727354,2.4856313705444335
144,0.21333333333333335,20.285573070844013,0.48666666666666669,1.3934944383303325,21.6790673383077,0.20000000000000001,2.2907973408699034,0.5,0.6931479275226593,2.9839452505111694
145,0.38666666666666666,18.270840646425881,0.5,1.3898800659179686,19.660720615386964,0.40000000000000002,1.7452268362045289,0.29999999999999999,0.69569323062896726,2.4409200906753541
146,0.28666666666666668,23.84138022740682,0.54666666666666663,1.3855564761161805,25.226936737696331,0.20000000000000001,1.8385517597198486,0.40000000000000002,0.69825093746185307,2.5368026971817015
147,0.16,42.913446699778241,0.5,1.3939143768946329,44.307361326217652,0.20000000000000001,1.9930919408798218,0.40000000000000002,0.69767683744430542,2.6907687902450563
148,0.17999999999999999,19.881756467819216,0.45333333333333331,1.3875899084409078,21.269346351623536,0.10000000000000001,1.8485872626304627,0.40000000000000002,0.69635822176933293,2.5449454784393311
149,0.20000000000000001,11.698702567418417,0.51333333333333331,1.3820579306284586,13.080760478973389,0.5,2.3603344917297364,0.40000000000000002,0.70568178892135625,3.0660162925720216
150,0.39333333333333331,34.356163317362466,0.50666666666666671,1.3990799601872761,35.75524408022563,0.29999999999999999,1.9874046683311462,0.40000000000000002,0.70465784072875981,2.6920625448226927
151,0.46666666666666667,16.880759189923605,0.49333333333333335,1.3914074158668519,18.272166598637899,0.10000000000000001,1.7935037970542909,0.40000000000000002,0.70104058980941775,2.4945443868637085
152,0.25333333333333335,51.538705256779991,0.51333333333333331,1.3897373390197754,52.92844244639079,0.10000000000000001,1.9058311343193055,0.5,0.69404143095016479,2.5998725414276125
153,0.41333333333333333,13.729606253306072,0.44666666666666666,1.3910560695330303,15.120662275950114,0.59999999999999998,1.7549119591712952,0.40000000000000002,0.69663636088371272,2.4515482902526857
154,0.41999999999999998,94.121256853739425,0.51333333333333331,1.3799881180127462,95.501246522267664,0.69999999999999996,1.7413138389587401,0.29999999999999999,0.71371234655380245,2.4550261735916137
155,0.47333333333333333,58.139468911488848,0.52666666666666662,1.3895514734586081,59.529019994735719,0.5,1.7820463538169862,0.5,0.69379295706748967,2.4758392810821532
156,0.28666666666666668,34.915662169456482,0.5,1.3906239906946818,36.306285327275596,0.10000000000000001,1.7637897491455079,0.29999999999999999,0.70398845076560979,2.4677781820297242
157,0.22666666666666666,17.064493300120034,0.54000000000000004,1.3859659337997436,18.450459213256835,0.29999999999999999,1.783665692806244,0.5,0.69396528005599978,2.4776309728622437
158,0.20000000000000001,40.117552747726442,0.44666666666666666,1.3929499554634095,41.510502449671428,0.20000000000000001,1.7727856993675233,0.59999999999999998,0.68856123089790344,2.4613469839096069
159,0.18666666666666668,16.378472658793132,0.49328333338101704,1.3921865288416544,17.77065923690796,0.29999999999999999,1.767688512802124,0.29999999999999999,0.6965851426124573,2.4642736434936525
160,0.38,18.357138684590659,0.44,1.3894034496943155,19.746542151769003,0.40000000000000002,1.7587924718856811,0.59999999999999998,0.69289034605026245,2.4516828060150146
161,0.47999999999999998,11.922636478741964,0.45426666667064031,1.3916659172375996,13.314302434921265,0.29999999999999999,2.129666495323181,0.40000000000000002,0.69576604366302486,2.8254325389862061
162,0.40000000000000002,26.083983699480694,0.38221666673819227,1.3896397606531778,27.473623116811115,0.20000000000000001,2.0496183395385743,0.10000000000000001,0.69349149465560911,2.7431097984313966
163,0.35333333333333333,21.074534913698834,0.49361666666964688,1.3898812921841939,22.464416360855104,0.69999999999999996,1.7531484007835387,0.5,0.69461261630058291,2.4477609872817991
164,0.43333333333333335,20.853986843427023,0.53333333333333333,1.3862883949279785,22.240275189081828,0.40000000000000002,1.8238087058067323,0.5,0.69580972790718076,2.5196184396743773
165,0.32000000000000001,113.67598657608032,0.5,1.391385334332784,115.06736970265706,0.20000000000000001,1.8179321885108948,0.40000000000000002,0.70555924177169804,2.5234914064407348
166,0.38,12.734065443674723,0.47999999999999998,1.3858128968874615,14.119878330230712,0.5,1.7803032755851746,0.20000000000000001,0.71654900312423708,2.4968523025512694
167,0.47333333333333333,36.418892641067508,0.50666666666666671,1.3955134590466818,37.814406531651812,0.10000000000000001,1.8133058428764344,0.59999999999999998,0.68974717259407048,2.5030530452728272
168,0.44666666666666666,14.28815403620402,0.43336666666592161,1.3899312988917032,15.678085247675577,0.59999999999999998,1.8087122082710265,0.29999999999999999,0.69590192437171938,2.5046141624450682
169,0.40666666666666668,16.434865951538086,0.53333333333333333,1.3884669049580891,17.823332853317261,0.40000000000000002,1.7360494971275329,0.80000000000000004,0.65882994532585148,2.39487943649292
170,0.45333333333333331,32.781743208567299,0.53333333333333333,1.3857518696784974,34.167494649887082,0.10000000000000001,1.841904091835022,0.10000000000000001,0.76205301284790039,2.6039570569992065
171,0.13333333333333333,22.025504879951477,0.47999999999999998,1.3941269834836325,23.419631665547687,0.0,1.877578330039978,0.5,0.69398419260978694,2.5715625286102295
172,0.12,18.040354722340901,0.44,1.3910905448595683,19.43144521713257,0.10000000000000001,1.8774382710456847,0.5,0.69345846772193909,2.5708967447280884
173,0.13333333333333333,16.065937685966492,0.49333333333333335,1.3891935555140178,17.455131384531658,0.20000000000000001,1.8022732615470887,0.40000000000000002,0.70561353564262386,2.5078867435455323
174,0.39333333333333331,33.186881173451745,0.47333333333333333,1.391437946955363,34.57831911722819,0.40000000000000002,1.9274024844169617,0.29999999999999999,0.69876009821891782,2.6261626005172731
175,0.20883333325386047,43.899711980819703,0.46666666666666667,1.3887595502535501,45.288471819559732,0.0,1.8307297825813293,0.90000000000000002,0.68894680142402653,2.5196765899658202
176,0.44666666666666666,18.120105533599855,0.55333333333333334,1.384140768845876,19.504246063232422,0.40000000000000002,1.799217689037323,0.59999999999999998,0.68637674450874331,2.4855944156646728
177,0.43333333333333335,18.17471364657084,0.56666666666666665,1.3779510887463888,19.552664791742959,0.5,2.6455726265907287,0.69999999999999996,0.66894451975822444,3.3145171403884888
178,0.40000000000000002,35.009415680567422,0.51333333333333331,1.3940798624356587,36.403495928446453,0.20000000000000001,1.8380961298942566,0.40000000000000002,0.70166025757789607,2.5397563695907595
179,0.40000000000000002,98.768035163879389,0.51333333333333331,1.3913582754135132,100.15939618110657,0.40000000000000002,1.8273105621337891,0.59999999999999998,0.69114180803298952,2.5184523582458498
180,0.44,44.698549254735312,0.49333333333333335,1.3917885327339172,46.090338176091514,0.40000000000000002,2.0891318440437319,0.59999999999999998,0.68913974761962893,2.7782716274261476
181,0.47999999999999998,118.78852619171143,0.49333333333333335,1.3907086030642191,120.17923444430033,0.5,1.926156723499298,0.59999999999999998,0.68938266634941103,2.6155394077301026
182,0.52000000000000002,20.817887393633523,0.5,1.3825374635060628,22.200424928665161,0.40000000000000002,1.760808026790619,0.80000000000000004,0.66837050914764407,2.4291785717010499
183,0.28000000000000003,22.510203042030334,0.56000000000000005,1.3799056800206502,23.890108760197958,0.59999999999999998,1.8816539168357849,0.69999999999999996,0.67218856811523442,2.5538425207138062
184,0.25333333333333335,10.849157161712647,0.55333333333333334,1.3814659849802653,12.230623070398966,0.29999999999999999,1.7781667828559875,0.69999999999999996,0.66736066341400146,2.4455274581909179
185,0.22,30.846653801600137,0.47999999999999998,1.4014010922114055,32.248055429458617,0.10000000000000001,1.7550067424774169,0.20000000000000001,0.69610572457313535,2.4511124849319459
186,0.17333333333333334,19.947904837926227,0.51333333333333331,1.3905401174227396,21.338444948196411,0.29999999999999999,1.9067635655403137,0.5,0.6942141473293304,2.6009777069091795
187,0.35333333333333333,37.579855589866639,0.47333333333333333,1.3915396809577942,38.971395079294844,0.40000000000000002,1.8018155694007874,0.20000000000000001,0.70643693208694458,2.5082524776458741
188,0.50666666666666671,15.898858472506205,0.43898333350817365,1.3892682536443075,17.288126761118573,0.40000000000000002,1.7631726264953613,0.5,0.69313353300094604,2.4563061475753782
189,0.43333333333333335,21.446029055913289,0.46000000000000002,1.3853360215822856,22.83136536280314,0.59999999999999998,1.773281991481781,0.69999999999999996,0.68023418188095097,2.45351619720459
190,0.42666666666666669,39.095148914655049,0.56000000000000005,1.380679091612498,40.475828727086387,0.20000000000000001,1.8277637958526611,0.69999999999999996,0.67245248556137083,2.5002162456512451
191,0.44666666666666666,55.389110595385233,0.58666666666666667,1.3663104518254598,56.755421028137206,0.5,2.0158632278442381,0.29999999999999999,0.74183509349822996,2.757698345184326
192,0.34666666666666668,16.624973848660787,0.55333333333333334,1.3826354225476583,18.007609237035116,0.10000000000000001,1.7259649634361267,0.5,0.69740062952041626,2.423365592956543
193,0.11333333333333333,34.845130699475604,0.44046666666865347,1.4112710014979044,36.256401443481444,0.0,1.8770161032676698,0.40000000000000002,0.69716917872428896,2.5741853237152101
194,0.24666666666666667,22.244107489585875,0.46666666666666667,1.3906038554509481,23.634711354573568,0.29999999999999999,1.7530432701110841,0.40000000000000002,0.69968250989913938,2.4527257680892944
195,0.21333333333333335,19.20646360874176,0.43333333333333335,1.3897644273440044,20.596227846145631,0.0,1.8267105221748352,0.5,0.69316311478614812,2.519873595237732
196,0.080000000000000002,17.428749240239462,0.50243333339691165,1.3883398564656575,18.817089036305745,0.0,2.7085384488105775,0.40000000000000002,0.69481439590454097,3.4033528804779052
197,0.12666666666666668,17.55790349960327,0.54666666666666663,1.385362225373586,18.943265651067097,0.0,1.7849427103996276,0.59999999999999998,0.68824735879898069,2.4731900691986084
198,0.16666666666666666,119.18420009930928,0.47999999999999998,1.3930765724182128,120.5772772661845,0.20000000000000001,1.9400450348854066,0.20000000000000001,0.69631507396698,2.6363600969314573
199,0.15333333333333332,99.320939118067429,0.5,1.3912603704134623,100.71220177014669,0.10000000000000001,2.0421952724456789,0.80000000000000004,0.6762238681316376,2.7184191465377809
200,0.40000000000000002,54.924571779568993,0.51333333333333331,1.3898447155952454,56.314416093826296,0.59999999999999998,1.846125340461731,0.69999999999999996,0.67945744395256047,2.5255827903747559
201,0.46000000000000002,17.648121948242188,0.58666666666666667,1.373827961285909,19.021949958801269,0.59999999999999998,1.7805671215057373,0.40000000000000002,0.72442286610603335,2.5049899578094483
202,0.13333333333333333,40.947736927668252,0.46666666666666667,1.4014742946624756,42.349210777282714,0.59999999999999998,1.7800229430198669,0.5,0.6954710125923157,2.4754939794540407
203,0.20666666666666667,13.386592798233032,0.47333333333333333,1.3928796680768332,14.779472516377767,0.40000000000000002,1.8209765195846557,0.40000000000000002,0.69804052710533138,2.5190170526504518
204,0.27333333333333332,32.41333415826162,0.44491666634877525,1.3899811299641927,33.803315989176433,0.5,1.9253538250923157,0.69999999999999996,0.67819124460220337,2.6035450935363769
205,0.15333333333333332,41.840331532160441,0.52666666666666662,1.3878514949480694,43.228182207743323,0.10000000000000001,1.7954823851585389,0.40000000000000002,0.70788536071777342,2.5033677339553835
206,0.23999999999999999,14.459052316347758,0.44624999999999998,1.3899640997250875,15.849016485214234,0.10000000000000001,1.7535655140876769,0.59999999999999998,0.68965807557106018,2.443223547935486
207,0.26000000000000001,17.287298305829367,0.51333333333333331,1.3908938614527384,18.67819225947062,0.0,1.758563756942749,0.40000000000000002,0.69499099254608154,2.4535547256469727
208,0.21333333333333335,44.431487984657288,0.46000000000000002,1.3884363540013631,45.819924748738607,0.5,2.0141604781150817,0.5,0.69317556023597715,2.7073359966278074
209,0.23333333333333334,20.843535742759705,0.50613333344459532,1.3878492180506388,22.231384763717653,0.29999999999999999,1.7528444170951842,0.69999999999999996,0.68444566130638118,2.4372900485992433
210,0.19333333333333333,186.44722532590231,0.56000000000000005,1.3809197616577149,187.82814365069072,0.20000000000000001,1.7695479273796082,1.0,0.64247369766235352,2.4120216369628906
211,0.26000000000000001,24.976078068415323,0.54000000000000004,1.3858600950241089,26.361938165028889,0.20000000000000001,1.7855233550071716,0.40000000000000002,0.70503101944923396,2.4905543804168699
212,0.22,22.996563016573589,0.58666666666666667,1.3673994048436482,24.363962602615356,0.10000000000000001,1.7689298987388611,0.59999999999999998,0.67810625433921812,2.4470361232757569
213,0.22666666666666666,11.734347416559855,0.50666666666666671,1.3994781788190205,13.133825578689574,0.20000000000000001,1.7730591416358947,0.5,0.69403687715530393,2.4670960187911986
214,0.20000000000000001,24.542499736150106,0.49333333333333335,1.3968626777331035,25.939362297058107,0.0,2.2159656167030333,0.69999999999999996,0.68690327405929563,2.902868890762329
215,0.17999999999999999,23.531174036661785,0.51333333333333331,1.3828310759862263,24.914005133310955,0.10000000000000001,1.7852607250213623,0.59999999999999998,0.68541304469108577,2.4706737995147705
216,0.30666666666666664,16.920257809956869,0.52000000000000002,1.3907061394055684,18.310964059829711,0.5,1.7612423539161681,0.69999999999999996,0.68351526260375972,2.4447575807571411
217,0.22,23.230876251856486,0.48136666667026778,1.3912600739796956,24.622136027018229,0.29999999999999999,1.7471646785736084,0.69999999999999996,0.68784357905387883,2.4350082635879517
218,0.17333333333333334,13.562182912826538,0.56000000000000005,1.3820276530583699,14.944210443496704,0.29999999999999999,2.01098952293396,0.59999999999999998,0.68529559373855586,2.6962851524353026
219,0.12,100.38858013153076,0.52666666666666662,1.3894885849952698,101.77806677500406,0.0,1.7712899923324585,0.40000000000000002,0.70034183859825139,2.4716318368911745
220,0.10666666666666667,58.773592961629234,0.5,1.3952119827270508,60.168805592854817,0.20000000000000001,1.7638159155845643,0.5,0.69354214668273928,2.4573580741882326
221,0.13176666657129923,15.775019329388936,0.46784999996423721,1.3900463382403057,17.16506565729777,0.5,1.7457698225975036,0.20000000000000001,0.69464512467384343,2.4404149532318113
222,0.12,12.670479275385539,0.52146666665871944,1.3907710933685302,14.061250416437785,0.10000000000000001,1.7428597092628479,0.29999999999999999,0.70997130274772646,2.4528310537338256
223,0.20000000000000001,16.684779664675396,0.47333333333333333,1.3888623340924582,18.073642018636068,0.59999999999999998,1.844344186782837,0.69999999999999996,0.68862673044204714,2.5329709529876707
224,0.38666666666666666,47.948490921656294,0.43049999992052712,1.3897469623883565,49.338238582611083,0.10000000000000001,1.7973271489143372,0.69999999999999996,0.6874468266963959,2.4847739934921265
225,0.24546666661898295,17.132578387260438,0.39441666664245228,1.390721066792806,18.523299226760866,0.29999999999999999,1.8014358043670655,0.29999999999999999,0.69817741513252263,2.4996132373809816
226,0.22666666666666666,41.198022791544595,0.59333333333333338,1.3711686801910401,42.569192298253377,0.40000000000000002,1.7380855321884154,0.5,0.6953928649425507,2.4334783792495727
227,0.17333333333333334,44.703151817321775,0.54666666666666663,1.3839267961184183,46.087078259785969,0.10000000000000001,1.7756865262985229,0.80000000000000004,0.65499686002731328,2.430683398246765
228,0.15333333333333332,25.094984420140584,0.47333333333333333,1.4015611116091411,26.496545225779215,0.10000000000000001,1.8285715222358703,0.40000000000000002,0.69542573094367977,2.5239972591400148
229,0.26000000000000001,17.577963781356811,0.54666666666666663,1.3880488101641337,18.966012684504189,0.10000000000000001,2.0091951966285704,0.40000000000000002,0.70736309885978699,2.7165583133697511
230,0.16,126.06680477778117,0.5,1.3910252642631531,127.45782699267069,0.5,1.7349238753318788,0.40000000000000002,0.70459082126617434,2.4395147085189821
231,0.18666666666666668,14.798794021606446,0.55333333333333334,1.3809181618690491,16.17971224784851,0.0,1.9035802721977233,0.40000000000000002,0.71907053589820857,2.6226507663726806
232,0.22750000000000001,131.81663340727488,0.44666666666666666,1.399030207792918,133.21566232363384,0.29999999999999999,1.8187112927436828,0.40000000000000002,0.69781619906425474,2.5165274858474733
233,0.17999999999999999,107.32925686836242,0.43205000003178912,1.390310877164205,108.71956803003947,0.29999999999999999,2.0612737536430359,0.5,0.6932266771793365,2.7545004129409789
234,0.22,40.063386363983156,0.53993333339691163,1.3767365145683288,41.440122241973874,0.0,1.8061744213104247,0.69999999999999996,0.66995039582252502,2.4761247873306274
235,0.20666666666666667,14.769961452484131,0.45481666674216586,1.3993619529406229,16.169323418935139,0.0,1.7852306246757508,0.59999999999999998,0.6902583181858063,2.4754889488220213
236,0.073333333333333334,41.05616047859192,0.50045000001788142,1.3861832968393961,42.44234349886576,0.0,1.8502884626388549,0.40000000000000002,0.69935280680656431,2.5496412515640259
237,0.13333333333333333,58.587110617955524,0.52004999999888246,1.3875739749272664,59.974684181213377,0.20000000000000001,2.0184210062026979,0.5,0.69373262524604795,2.7121536254882814
238,0.10000000000000001,16.226512670516968,0.47331666668256123,1.3920855299631754,17.618598130544026,0.10000000000000001,1.8129698157310485,0.40000000000000002,0.697738128900528,2.5107079267501833
239,0.18666666666666668,11.086692260106405,0.52396666664940617,1.3827162996927898,12.469408543904622,0.29999999999999999,1.7783444046974182,0.5,0.69448505043983455,2.4728294610977173
240,0.17924999992052715,18.664480206171671,0.47999999999999998,1.396901695728302,20.061382004419961,0.10000000000000001,1.7877729773521422,0.69999999999999996,0.68827031254768367,2.4760433197021485
241,0.35966666658719382,19.184663248062133,0.4662999999523163,1.3901599677403769,20.574823023478189,0.5,1.7701634526252747,0.5,0.69305702447891238,2.463220477104187
242,0.37333333333333335,16.534893488883974,0.45783333318928876,1.3914215246836343,17.926315040588378,0.20000000000000001,1.7435457706451416,0.29999999999999999,0.7005768954753876,2.4441226720809937
243,0.24648333350817361,24.495671917597452,0.52000000000000002,1.3832498733202616,25.878921868006387,0.0,1.8191719889640807,0.69999999999999996,0.67704081535339355,2.4962128400802612
244,0.23333333333333334,12.668993530273438,0.57333333333333336,1.3751415157318114,14.044134976069133,0.10000000000000001,1.7879674673080443,0.5,0.69599865674972539,2.4839661598205565
245,0.39118333314855891,40.812480303446449,0.48978333324193957,1.4038027437527973,42.216282320022586,0.5,1.7267732501029969,0.40000000000000002,0.70120533704757693,2.4279786109924317
246,0.38666666666666666,24.849910610516865,0.48666666666666669,1.3908142145474751,26.240724811553957,0.40000000000000002,1.9288744449615478,0.5,0.6932966828346252,2.6221711158752443
247,0.33091666658719382,25.521735685666403,0.51333333333333331,1.3901894330978393,26.911925201416015,0.40000000000000002,1.8152716517448426,0.5,0.69406601190567019,2.5093376874923705
248,0.44,63.021661647160848,0.54666666666666663,1.3825858648618061,64.404247487386073,0.10000000000000001,2.1776036024093628,0.69999999999999996,0.65922164916992188,2.8368252515792847
249,0.25356666666766009,20.682176507314047,0.46666666666666667,1.3947687856356303,22.076945498784383,0.20000000000000001,1.9304627299308776,0.5,0.69333753585815427,2.6238002777099609
250,0.17333333333333334,126.68135425567627,0.50724999998696152,1.383386685848236,128.06473935445149,0.29999999999999999,1.7559036254882812,0.40000000000000002,0.70066818594932556,2.4565718173980713
251,0.13333333333333333,20.806644287109375,0.59241666674613958,1.3659839979807535,22.172628300984702,0.0,1.7963481664657592,0.5,0.69780879616737368,2.4941569566726685
252,0.19333333333333333,37.902971200942993,0.49333333333333335,1.4029879069328308,39.305959405899046,0.40000000000000002,1.7904689669609071,0.29999999999999999,0.7067526042461395,2.4972215890884399
253,0.31945000012715657,14.985658397674561,0.45920000036557518,1.3941533398628234,16.379811725616456,0.59999999999999998,2.3816424131393434,0.40000000000000002,0.69402021765708921,3.0756626367568969
254,0.22666666666666666,26.35274993578593,0.45725000023841855,1.3908593503634135,27.743609453837077,0.10000000000000001,1.8379183530807495,0.59999999999999998,0.68892540931701662,2.5268437623977662
255,0.14000000000000001,43.673990910847984,0.43834999999962748,1.3898288027445476,45.063820622762044,0.29999999999999999,1.7875002384185792,0.59999999999999998,0.69268784523010252,2.4801880836486818
256,0.17333333333333334,12.890121720631917,0.50741666664679841,1.3884626412391663,14.278584391276041,0.20000000000000001,1.7686967372894287,0.69999999999999996,0.68957707881927488,2.4582738161087034
257,0.16666666666666666,15.161207990646362,0.52764999995628992,1.3833617647488912,16.54456981341044,0.0,1.8498461246490479,0.40000000000000002,0.70203643441200259,2.5518825531005858
258,0.17999999999999999,103.63218827406565,0.53333333333333333,1.3875601132710775,105.01974690755209,0.20000000000000001,1.8142081141471862,0.29999999999999999,0.71119933128356938,2.5254074335098267
259,0.19333333333333333,14.20324268658956,0.47279999973873299,1.3919774270057679,15.595220165252686,0.20000000000000001,1.7712509632110596,0.40000000000000002,0.69808428883552553,2.4693352460861204
260,0.23999999999999999,18.645165158907574,0.50688333332538604,1.3933737405141196,20.03853887240092,0.10000000000000001,1.8835615873336793,0.59999999999999998,0.68886106014251713,2.5724225997924806
261,0.19333333333333333,132.0991957696279,0.52000000000000002,1.3893514784177143,133.48854436238608,0.40000000000000002,1.7535651564598083,0.5,0.69374120831489561,2.4473063230514525
262,0.31528333316246671,16.003373503684998,0.55333333333333334,1.3821707089742026,17.385544093449912,0.29999999999999999,1.8889883875846862,0.59999999999999998,0.67839828729629514,2.5673866987228395
263,0.20666666666666667,18.197192816734315,0.47333333333333333,1.3965361857414245,19.593728942871095,0.20000000000000001,1.7475531816482544,0.40000000000000002,0.70272821784019468,2.4502813816070557
264,0.21333333333333335,146.94072287877401,0.5,1.3904242602984112,148.33114480654399,0.10000000000000001,1.8252382874488831,0.69999999999999996,0.67614198327064512,2.5013802528381346
265,0.23333333333333334,10.50431024392446,0.52666666666666662,1.3874835522969564,11.891793785095215,0.29999999999999999,1.6713178992271422,0.5,0.6954819321632385,2.366799807548523
266,0.16,39.41449366569519,0.46800000021855037,1.3922006305058796,40.806693429946897,0.10000000000000001,1.7487204074859619,0.20000000000000001,0.71340593099594118,2.4621263504028321
267,0.17333333333333334,22.382991251945494,0.41481666666766009,1.3900441424051921,23.773035214742023,0.29999999999999999,1.7358219742774963,0.40000000000000002,0.69398161172866824,2.4298035860061646
268,0.17999999999999999,22.433429114023845,0.54141666663189725,1.3767419211069742,23.810171066919963,0.10000000000000001,1.8223550319671631,0.80000000000000004,0.65691851377487187,2.479273533821106
269,0.14000000000000001,27.672732300758362,0.50666666666666671,1.394482893149058,29.067215096155802,0.29999999999999999,2.1834694862365724,0.20000000000000001,0.70531774163246153,2.8887872457504273
270,0.1812666666507721,21.440888706843058,0.52495000004768366,1.3927725243568421,22.833661222457884,0.0,1.9135088801383973,0.5,0.69390115737915037,2.6074100494384767
271,0.20000000000000001,16.715825217564902,0.45290000001589459,1.3904994980494181,18.10632453282674,0.40000000000000002,1.7748860478401185,0.40000000000000002,0.69317775368690493,2.4680637836456301
272,0.23333333333333334,42.935685958862308,0.48554999999701975,1.389007625579834,44.324693476359052,0.40000000000000002,1.7638994932174683,0.59999999999999998,0.69202350378036503,2.4559230327606203
273,0.20666666666666667,34.268512800534566,0.49414999971787132,1.3861822406450908,35.654695501327517,0.20000000000000001,1.7238043308258058,0.59999999999999998,0.68729891180992131,2.4111032485961914
274,0.17980000019073486,23.18554608821869,0.54666666666666663,1.3842739582061767,24.569819962183633,0.20000000000000001,1.9020369291305541,0.69999999999999996,0.67751655578613279,2.579553484916687
275,0.17333333333333334,20.663992411295574,0.50046666676799456,1.3940950520833333,22.058087453842163,0.10000000000000001,1.7996540427207948,0.5,0.69294474124908445,2.4925987482070924
276,0.22,39.917403354644776,0.50664999991655346,1.3842039450009664,41.301607780456543,0.0,1.8397485375404359,0.20000000000000001,0.71558254957199097,2.5553310871124268
277,0.15333333333333332,43.178281723658245,0.45908333316445349,1.3920149493217469,44.570296513239541,0.29999999999999999,1.7999595880508423,0.5,0.69287317395210268,2.4928327798843384
278,0.21333333333333335,12.712745507558187,0.46271666704366604,1.3898891711235046,14.102634636561076,0.29999999999999999,1.7393167853355407,0.40000000000000002,0.69416379332542422,2.4334805488586424
279,0.20000000000000001,134.60734768549602,0.49771666636069617,1.3907704043388367,135.99811787923178,0.29999999999999999,1.9145873785018921,0.5,0.69292994141578679,2.6075172901153563
280,0.18666666666666668,16.712561305363973,0.47660000008841358,1.390847069422404,18.103408304850259,0.20000000000000001,2.0138229727745056,0.5,0.69309384822845455,2.7069168090820312
281,0.23999999999999999,23.358421665827432,0.51065000007549921,1.3841789976755778,24.742600612640381,0.29999999999999999,2.0010614871978758,0.59999999999999998,0.6862080574035645,2.6872695207595827
282,0.15333333333333332,37.810504468282062,0.49058333317438763,1.3924151659011841,39.202919476826985,0.10000000000000001,1.8163797020912171,0.29999999999999999,0.6969706118106842,2.5133503198623659
283,0.17999999999999999,37.091820370356238,0.45230000034285089,1.3914369622866312,38.483257217407228,0.10000000000000001,1.781600034236908,0.69999999999999996,0.6874988198280334,2.4690988540649412
284,0.17999999999999999,134.27979468027752,0.46943333357572553,1.3893145275115968,135.66911207516989,0.40000000000000002,1.7918377876281739,0.34324999996460975,0.69402672648429875,2.485864520072937
285,0.18666666666666668,12.100501820246379,0.5423333332935969,1.3889509828885396,13.489452772140503,0.10000000000000001,1.740872573852539,0.69999999999999996,0.6691192090511322,2.4099917888641356
286,0.25333333333333335,15.724304393132527,0.48586666663487754,1.3881063922246297,17.112410774230955,0.10000000000000001,1.9000255107879638,0.29999999999999999,0.70236806273460384,2.6023936033248902
287,0.20666666666666667,24.989889599482218,0.482849999666214,1.3936677130063375,26.383557494481405,0.20000000000000001,1.7766980648040771,0.5,0.69298073053359988,2.469678783416748
288,0.12666666666666668,17.452699645360312,0.503849999991556,1.3847326588630677,18.837432406743368,0.20000000000000001,1.7496913790702819,0.5,0.69307575225830076,2.4427671670913695
289,0.17333333333333334,16.543000768025717,0.56000000000000005,1.3791710186004638,17.922171634038289,0.10000000000000001,1.8926022291183471,0.40000000000000002,0.70868140459060669,2.6012836217880251
290,0.23999999999999999,45.043194799423219,0.54666666666666663,1.3834698255856832,46.426664905548094,0.0,1.8529324054718017,0.20000000000000001,0.7363741815090179,2.5893065690994264
291,0.23333333333333334,16.650158370335898,0.54000000000000004,1.3854871193567913,18.035645268758138,0.59999999999999998,1.7503417134284973,0.69999999999999996,0.66758126616477964,2.4179229259490969
292,0.42666666666666669,19.655050207773844,0.50110000015857314,1.3948745902379354,21.049924627939859,0.20000000000000001,1.8445970177650453,0.40000000000000002,0.70083398818969722,2.5454309940338136
293,0.41999999999999998,42.954966459274289,0.48161666687267524,1.3942761301994324,44.349243141810099,0.40000000000000002,1.8559723019599914,0.20000000000000001,0.70944325327873226,2.5654155731201174
294,0.43086666663487755,13.378835151990256,0.51503333330154422,1.383203637599945,14.762038799921671,0.40000000000000002,1.7780960559844972,0.20000000000000001,0.71330678462982178,2.4914028406143189
295,0.3996499999364217,110.55410629908243,0.52861666666033369,1.3862139304478964,111.94031736373901,0.5,1.7800153732299804,0.69999999999999996,0.6770396292209625,2.4570549964904784
296,0.30496666669845579,18.077691750526427,0.47401666725675268,1.3954274654388428,19.473119220733643,0.0,1.8877369046211243,0.90000000000000002,0.66448940038681026,2.5522262811660767
297,0.17999999999999999,61.860102402369179,0.49054999957482021,1.3853491655985515,63.245451981226601,0.20000000000000001,1.7723788261413573,0.40000000000000002,0.69782533645629885,2.4702041625976561
298,0.17999999999999999,14.836044848759968,0.51438333342472708,1.3926201272010803,16.228665049870809,0.20000000000000001,1.7962798595428466,0.40000000000000002,0.70107110738754275,2.4973509550094604
299,0.19333333333333333,17.719644714991251,0.50366666728941101,1.382416299978892,19.102060953776043,0.0,1.7851671934127809,0.5,0.69335178732872005,2.4785190105438231
300,0.18666666666666668,24.757811508178712,0.55333333333333334,1.3806382393836976,26.138449382781982,0.20000000000000001,1.8240192294120789,0.40000000000000002,0.70351193547248836,2.5275311470031738
301,0.17333333333333334,18.895896180470785,0.54000000000000004,1.3846551434199015,20.280551401774087,0.29999999999999999,1.749927031993866,0.40000000000000002,0.70503395199775698,2.4549609899520872
302,0.17333333333333334,29.770555458068849,0.57333333333333336,1.3724616305033366,31.14301702817281,0.20000000000000001,1.8927115678787232,0.20000000000000001,0.74830541014671326,2.6410170316696169
303,0.24611666679382324,23.11686385154724,0.44681666721589863,1.4058368412653606,24.522700586318969,0.29999999999999999,1.8292803049087525,0.5,0.69271270036697385,2.5219929933547975
304,0.20666666666666667,114.57364014148712,0.52000000000000002,1.3889091738065085,115.9625520324707,0.40000000000000002,1.7413864254951477,0.29999999999999999,0.71066772937774658,2.4520541429519653
305,0.15333333333333332,38.492628191312157,0.48335000010828177,1.3895303845405578,39.882158209482832,0.20000000000000001,1.7803481340408325,0.40000000000000002,0.69538897871971128,2.475737142562866
306,0.17458333331470688,55.211656813621524,0.53393333335717519,1.3868474348386128,56.598503201802572,0.29999999999999999,1.9938884377479553,0.5,0.69376263022422791,2.687651014328003
307,0.24666666666666667,18.08417678833008,0.44056666751702628,1.3911293347676594,19.47530590057373,0.20000000000000001,1.9004147291183471,0.40000000000000002,0.69530874490737915,2.5957234382629393
308,0.19333333333333333,156.23825554529824,0.51935000022252398,1.3846555685997008,157.62290876706442,0.29999999999999999,1.811291515827179,0.59999999999999998,0.68733710050582886,2.4986286640167235
309,0.20000000000000001,20.245375984509785,0.54666666666666663,1.3835579705238343,21.628934014638265,0.20000000000000001,2.7921343564987184,0.5,0.69290987253189085,3.4850442409515381
310,0.18666666666666668,111.28311432679494,0.48750000024835266,1.3933272361755371,112.67644194920858,0.20000000000000001,1.7651944994926452,0.5,0.69268014430999758,2.4578746557235718
311,0.16,67.387619628906251,0.49146666685740154,1.3891293780008951,68.776749289830519,0.40000000000000002,1.7714739561080932,0.5,0.69212549328804018,2.4635994911193846
312,0.22666666666666666,35.710944900512693,0.55994999974966053,1.3700552781422932,37.080999415715539,0.0,1.872455608844757,0.5,0.69641044139862063,2.5688660383224486
313,0.20000000000000001,15.054616832733155,0.48283333341280621,1.4010695052146911,16.455686413447062,0.29999999999999999,1.7776828289031983,0.59999999999999998,0.68994150161743162,2.4676243305206298
314,0.24666666666666667,18.820977471669515,0.51236666685591137,1.3893800361951192,20.210357341766358,0.5,1.7294434428215026,0.20000000000000001,0.70350641608238218,2.4329498529434206
315,0.19333333333333333,21.131563618977864,0.58666666666666667,1.3755540227890015,22.507117665608725,0.10000000000000001,1.7640212416648864,0.59999999999999998,0.67654656767845156,2.4405677795410154
316,0.20000000000000001,33.837435199419659,0.49333333333333335,1.39187317609787,35.229308249155679,0.20000000000000001,1.8571865558624268,0.5,0.69387946724891658,2.5510660409927368
317,0.23333333333333334,16.48028907775879,0.45719999996324379,1.3875028737386068,17.867792100906371,0.40000000000000002,1.7750403523445129,0.40000000000000002,0.69512369036674504,2.4701640367507935
318,0.15855000019073487,13.30576806227366,0.5294833334287008,1.3870194896062216,14.692787580490112,0.20000000000000001,2.4127290487289428,0.80000000000000004,0.68226790428161621,3.0949969053268434
319,0.31159999988973142,15.494202437400817,0.46754999989022811,1.3870319064458212,16.881234292984008,0.40000000000000002,1.868256115913391,0.64149999916553502,0.69072520136833193,2.5589813470840452
320,0.44,26.324108432133993,0.52273333344608541,1.3853205792109171,27.709429095586142,0.5,1.8020866632461547,0.5,0.69248329997062685,2.4945699930191041
321,0.46666666666666667,24.352831463813782,0.53311666684846082,1.3847464227676392,25.737577959696452,0.40000000000000002,1.7717451572418212,0.5,0.69190858602523808,2.4636537551879885
322,0.32076666668057441,22.005530228614806,0.54048333347775046,1.3865832026799521,23.392113539377849,0.26800000239163635,1.7466059088706971,0.69999999999999996,0.68184617161750793,2.4284520864486696
323,0.32241666716833911,13.256790668169657,0.48853333388765652,1.3867359336217244,14.643526547749838,0.40000000000000002,1.8029927492141724,0.69999999999999996,0.68340605497360229,2.4863988161087036
324,0.42653333346048988,32.509451417922975,0.53995000004768368,1.3827108470598857,33.892161944707233,0.29999999999999999,1.7501024365425111,0.69999999999999996,0.68100688457489011,2.4311093807220461
325,0.42546666646997133,37.767321772575379,0.50756666723017896,1.3887531264623005,39.156075684229535,0.10000000000000001,1.801515555381775,0.48000000268220899,0.69130339622497561,2.4928189516067505
326,0.43155000011126199,40.858362568219505,0.528099999272575,1.3861549083391826,42.244517825444539,0.5,1.7629704833030702,0.40000000000000002,0.69211742281913757,2.455087924003601
327,0.28233333353263634,115.72882994492849,0.59915000036358834,1.365844537417094,117.09467517217,0.29999999999999999,1.7598066449165344,0.69999999999999996,0.6638613700866699,2.4236680269241333
328,0.46771666646003723,16.822997403144836,0.52000000000000002,1.3877665026982626,18.210763966242471,0.29999999999999999,1.714813232421875,0.5,0.69076970219612122,2.4055829286575316
329,0.26666666666666666,26.54836435476939,0.51145000033080579,1.3903045749664307,27.93866910616557,0.0,1.885350513458252,0.59999999999999998,0.68653231859207153,2.5718828201293946
330,0.18666666666666668,21.784399666786193,0.59121666664878525,1.3665769163767496,23.150976463953654,0.29999999999999999,1.7343991875648499,0.59999999999999998,0.6733134806156158,2.4077126741409303
331,0.15333333333333332,25.34548490524292,0.45333333333333331,1.3976261893908182,26.743110917409261,0.40000000000000002,1.7229822754859925,0.40000000000000002,0.69910707473754885,2.4220893859863279
332,0.16844999993840853,15.627587002118428,0.4986833340426286,1.3810799781481424,17.008666960398354,0.10000000000000001,1.7396880984306335,0.40000000000000002,0.69682595729827879,2.4365140438079833
333,0.16,17.814978229204815,0.5572833329935869,1.3821811302502951,19.197159417470296,0.29999999999999999,1.755708885192871,0.59999999999999998,0.68184415102005003,2.4375530481338501
334,0.23333333333333334,46.922341880798342,0.5033000006588797,1.3897379072507223,48.312080456415814,0.40000000000000002,1.8072861313819886,0.40000000000000002,0.69388253688812251,2.5011686801910402
335,0.21333333333333335,40.830269168217974,0.52871666755216817,1.3801760490735371,42.210445086161293,0.29999999999999999,1.7793830394744874,0.71049999725073576,0.68175101876258848,2.4611340522766114
336,0.17333333333333334,45.377562952041629,0.51903333342634139,1.3872757029533387,46.764837910334272,0.20000000000000001,1.8292838096618653,0.5,0.69098116159439082,2.5202649831771851
337,0.16666666666666666,112.47915160179139,0.54300000093877321,1.3806036527951557,113.85975779851277,0.10000000000000001,1.8429001569747925,0.63900000005960467,0.68988537192344668,2.5327855110168458
338,0.25998333327472212,16.165006036758424,0.55926666773855682,1.3818440222740174,17.546850070953369,0.10000000000000001,1.7879226922988891,0.59999999999999998,0.68692448139190676,2.4748471975326538
339,0.18860000004371008,10.37292964776357,0.56800000033030906,1.3727212452888489,11.745650895436604,0.10000000000000001,1.7507260203361512,0.69999999999999996,0.66766035556793213,2.418386387825012
340,0.33588333375751972,23.389589505195616,0.57396666736962898,1.3741951870918274,24.763784844080607,0.40000000000000002,2.0301504492759705,0.5,0.69071708917617802,2.7208675146102905
341,0.3599833332995574,16.465307618776958,0.55978333353996279,1.3724362548192341,17.837744070688885,0.5,1.7572813391685487,0.29999999999999999,0.72511308789253237,2.4823944330215455
342,0.5,35.090231108665463,0.54000000000000004,1.3765707874298097,36.466802536646526,0.29999999999999999,1.773716402053833,0.5,0.69083895087242131,2.464555335044861
343,0.40000000000000002,66.638962211608884,0.53983333500723041,1.3902355821927388,68.029198258717855,0.69999999999999996,1.7382035613059998,0.5,0.68924916982650752,2.4274527072906493
344,0.45263333370288211,16.486097044944763,0.52666666666666662,1.3778716230392456,17.863968750635784,0.29999999999999999,1.7847401976585389,0.40000000000000002,0.70067812800407414,2.4854183435440063
345,0.32158333344385026,11.628797246615092,0.50383333283166087,1.3803939994176229,13.009191319147746,0.40000000000000002,1.7504533290863038,0.67925000041723249,0.68919121623039248,2.4396445751190186
346,0.45333333333333331,25.422234004338581,0.62580000022426252,1.3677684450149536,26.790002578099568,0.10000000000000001,1.9448029398918152,0.40000000000000002,0.69764868617057796,2.642451596260071
347,0.43655000011126199,140.10249761422475,0.53133333465084431,1.3865967504183452,141.48909163475037,0.29999999999999999,1.8850005745887757,0.42100000083446504,0.69209339618682864,2.5770939826965331
348,0.22250000001241763,17.476400241851806,0.60403333331768716,1.3752624241511027,18.85166267077128,0.40000000000000002,1.7028496980667114,0.5,0.68695074915885923,2.3898004531860351
349,0.19333333333333333,31.287334464391073,0.59633333205555872,1.3762569530804951,32.663591556549072,0.40000000000000002,1.7314473032951354,0.48474999964237214,0.6862512350082397,2.4176985025405884
350,0.32641666717827322,21.889038675626118,0.58563333243131632,1.374379600683848,23.263418251673382,0.5,1.7758830189704895,0.40000000000000002,0.70496075153350835,2.4808437824249268
351,0.3783999999364217,37.947250520388287,0.50988333235184347,1.377960045337677,39.325210558573403,0.29999999999999999,1.8324039936065675,0.48625000417232511,0.69076803922653196,2.5231720685958861
352,0.42666666666666669,133.56923915386199,0.58423333456429338,1.3737700684865315,134.94301063537597,0.5,1.9947367072105409,0.61949999928474431,0.68576160073280334,2.6804983377456666
353,0.37333333333333335,15.63121053536733,0.57146666747828323,1.3789363622665405,17.01014689127604,0.20000000000000001,1.9192150115966797,0.69999999999999996,0.67292151451110838,2.5921365022659302
354,0.26906666629637283,40.358553698857627,0.51938333352406818,1.3720557721455893,41.73060939788818,0.10000000000000001,2.1658276319503784,0.65474999397993083,0.68302085399627688,2.8488484621047974
355,0.22056666649878026,37.409066187540688,0.52849999992797769,1.3720115137100219,38.781077264149985,0.40000000000000002,1.7939826607704163,0.5,0.68468314409255981,2.478665828704834
356,0.37640000005563101,206.54842296600341,0.52666666666666662,1.3665033904711406,207.91492746035257,0.5,1.8972898602485657,0.40000000000000002,0.70293207168579097,2.6002219438552858
357,0.14245000004768371,20.02713549931844,0.48118333319822948,1.3759459161758423,21.403081213633218,0.0,1.7809470415115356,0.69999999999999996,0.66384986042976379,2.4447968721389772
358,0.23451666663090387,23.018288445472717,0.55333333333333334,1.3648122787475585,24.383100649515789,0.40000000000000002,1.7569853663444519,0.69999999999999996,0.65030621290206914,2.4072915792465208
359,0.41333333333333333,16.411211072603862,0.51768333375453945,1.3728723955154418,17.784083464940387,0.59999999999999998,1.74437016248703,0.64299999773502348,0.68064219951629634,2.4250123977661131
360,0.43033333361148834,35.780352066357928,0.58196666826804477,1.3705956021944681,37.15094725926717,0.40000000000000002,1.7578808784484863,0.69624999761581419,0.69210640788078304,2.4499873161315917
361,0.40341666713356972,15.386999365488688,0.59434999950230116,1.3633748300870259,16.750374269485473,0.22899999767541884,2.0170064926147462,0.61524999663233759,0.67864266037940979,2.6956491470336914
362,0.37258333306759595,21.481727792421978,0.61763333338002369,1.3679689995447795,22.849696890513101,0.29999999999999999,2.0766851663589478,0.59774999916553495,0.68479539155960079,2.7614805459976197
363,0.40666666666666668,41.647220760981241,0.58066666867583994,1.3746181925137837,43.021839024225869,0.40000000000000002,1.7657000303268433,0.74250000119209292,0.68352825641632076,2.4492282867431641
364,0.37223333338896436,15.815598138173421,0.56963333353400225,1.3619695806503296,17.177567672729491,0.29999999999999999,1.812018096446991,0.65500000566244121,0.67599825859069829,2.4880163431167603
365,0.22,40.497361803054808,0.64018333245068793,1.3573027420043946,41.854664738972978,0.20000000000000001,1.8821401476860047,0.65625001024454832,0.67522040009498596,2.557360553741455
366,0.18421666671832401,20.163905893961587,0.62715000070321059,1.3619956652323404,21.525901699066161,0.41900000171735885,1.7477122783660888,0.68050000369548802,0.67256335616111751,2.420275592803955
367,0.30943333339566986,19.370650062561037,0.65744999962548412,1.348762390613556,20.719412508010866,0.40000000000000002,1.799977147579193,0.69925000220537181,0.65613297820091243,2.4561101436614989
368,0.40296666661898295,23.029821901321412,0.61708333315948649,1.3675027290980022,24.397324660619098,0.29999999999999999,1.7867076635360717,0.56700000539422035,0.68095161318778996,2.4676592588424682
369,0.41880000000198681,38.035628554026289,0.66323333248496052,1.3271541285514832,39.362782589594524,0.40000000000000002,1.8023832440376282,0.69999999999999996,0.62401058673858645,2.4263937711715697
370,0.40948333387263119,36.159899156888329,0.58621666816373663,1.358454294204712,37.518352832794193,0.20000000000000001,1.7794463753700256,0.55825000479817388,0.6867712557315826,2.4662176132202149
371,0.23346666716660061,42.412184240023294,0.66220000202457108,1.3416199962298074,43.75380384763082,0.10000000000000001,1.8429107904434203,0.55249999538063999,0.68937337994575498,2.5322841644287108
372,0.11333333333333333,40.303526401519775,0.65373333472758532,1.3420127892494202,41.64554005622864,0.0,1.7658897161483764,0.5735000051558018,0.68437868952751157,2.4502683877944946
373,0.15015000008046628,26.67067684809367,0.6064500009796272,1.3595348922411601,28.030211938222248,0.10000000000000001,1.7947885513305664,0.66175000369548798,0.6685889840126038,2.463377523422241
374,0.23823333350320658,25.899923957188925,0.62523333378136159,1.3545908975601195,27.254514938990276,0.0,1.8153114795684815,0.45775000303983687,0.6763303697109222,2.4916418075561522
375,0.27700000012603898,14.788598480224609,0.56245000213384633,1.3512212522824605,16.139819723765054,0.20000000000000001,1.8603155016899109,0.74724999964237215,0.66172438859939575,2.5220399141311645
376,0.28768333320816358,33.301565208435058,0.60173333227634429,1.3542778817812602,34.655843804677325,0.47699999809265137,2.4978219509124755,0.72875000089406972,0.6538138866424561,3.1516358613967896
377,0.29160000008841358,113.25790798505147,0.59006666734504198,1.3497710220019024,114.60768113772075,0.20000000000000001,1.7589625477790833,0.70175000727176662,0.66679028272628782,2.425752806663513
378,0.25171666661898295,15.244552981058757,0.65244999850789709,1.3410549902915954,16.585607926050823,0.40000000000000002,2.801959443092346,0.56300000697374342,0.67450157999992366,3.4764610052108766
379,0.4409000004331271,111.89832968393962,0.59460000001204516,1.3444462990760804,113.24277801831563,0.59999999999999998,1.9855736017227172,0.68150000274181366,0.66105769276618953,2.6466312646865844
380,0.39333333333333331,23.686865150133769,0.6191999987885356,1.3404221057891845,25.027287190755207,0.59999999999999998,1.7923932194709777,0.57724999934434895,0.674748283624649,2.4671415090560913
381,0.33470000042890508,24.005384370485942,0.62611666678761446,1.3440220308303834,25.349406429926553,0.20000000000000001,1.7636506676673889,0.5857499979436398,0.68438983559608457,2.4480404615402223
382,0.35434999992450078,19.986815055211384,0.65268333601454898,1.3345678448677063,21.321383082071939,0.34474999904632569,2.0052709460258482,0.65224999785423277,0.66272469162940983,2.6679956436157228
383,0.44624999980131785,59.167118239402768,0.60286666686336199,1.3411543989181518,60.508273916244505,0.29999999999999999,1.814064085483551,0.68650000691413882,0.6686038494110107,2.4826679468154906
384,0.39333333333333331,16.349580008188884,0.64008333224803204,1.3352735614776612,17.6848534933726,0.10000000000000001,1.8595913529396058,0.5755000002682209,0.69961352944374089,2.5592048883438112
385,0.22793333321809769,35.464709655443826,0.64286666691303251,1.3325842038790385,36.797294715245563,0.40000000000000002,1.8459536910057068,0.4687500074505806,0.66211410760879519,2.5080678462982178
386,0.24034999981522559,116.72830056826274,0.62616666551679367,1.333061401049296,118.0613588587443,0.20000000000000001,1.8890410661697388,0.60575000196695328,0.67672815322875979,2.5657692193984984
387,0.16765000023258228,25.857592140833535,0.62193333153923358,1.3354474941889445,27.193039582570393,0.5,1.8037593960762024,0.73524999618530273,0.68244007229804993,2.4861994981765747
388,0.41041666689639289,38.710231002171831,0.63350000038743015,1.3343488740921021,40.044580472310386,0.5,1.8088833093643188,0.73075000345706942,0.66506092548370366,2.4739441871643066
389,0.41388333320617676,40.017448256810503,0.63881666670242943,1.3279116797447204,41.34535998662313,0.20000000000000001,1.7815290927886962,0.72074999660253525,0.63826191425323486,2.4197909832000732
390,0.29548333314557867,20.560198974609374,0.62106666628271345,1.3252881956100464,21.885487311681111,0.5,1.7739499926567077,0.69849999994039536,0.65559135079383846,2.4295413494110107
391,0.20718333300203085,16.675451478958131,0.63738333682840065,1.3277311825752258,18.003182652791342,0.0072500001639127735,1.8369890451431274,0.75999999940395357,0.64434254765510557,2.4813316106796264
392,0.15021666685740154,114.91439305305481,0.63106666952371593,1.3202215679486593,116.23461209932962,0.20000000000000001,2.4928694486618044,0.6557499974966049,0.64911593198776241,3.1419853925704957
393,0.22,15.650055503845214,0.62040000190337496,1.3275449371337891,16.97760048866272,0.29999999999999999,1.7669029355049133,0.61350000500679014,0.66946215033531187,2.4363650560379027
